Position	Mut for GEMME	Label	dEfficacy	dLogEC50	dEfficacy_normalized	GEMME_score
		DA-WT-Gs	0	0	0	0
		BRC-WT-Gs	0	0	0	0
144	I144N	DA-I4.46N-Gs	88	0.415	88	-2.945718722
144	I144N	BRC-I4.46N-Gs	26.18	0.199	45.41196878	-2.945718722
281	F281M	DA-F6.44M-Gs	41.1	-0.538	41.1	-3.891958604
281	F281M	BRC-F6.44M-Gs	120.15	-0.392	208.4128361	-3.891958604
281	F281M	DA-F6.44I-Gs	51.4	-1.028	51.4	-3.891958604
281	F281M	BRC-F6.44I-Gs	70.55	-0.437	122.3764094	-3.891958604
112	L112H	DA-L3.41H-Gs	76.1	-0.935	76.1	-1.854822398
112	L112H	BRC-L3.41H-Gs	104.15	-0.217	180.65915	-1.854822398
284	C284L	DA-C6.47L-Gs	19.6	-0.935	19.6	-3.607673088
284	C284L	BRC-C6.47L-Gs	20.68	-0.223	35.8716392	-3.607673088