Positions	Mut for GEMME	Label	dEfficacy	dLogEC50	dEfficacy_normalized	GEMME_score
385	C385L	BRC-C6.47L-Gi	-6.08	-0.37	-10.64239454	-0.6646299904
382	F382I	BRC-F6.44I-Gi	4	0.162	7.001575354	-1.410062038
382	F382M	BRC-F6.44M-Barr2	-55.16	1.257	-83.66449264	-1.391624706
382	F382M	BRC-F6.44M-Gi	-57.13	nan	-100	-1.391624706
156	I156N	BRC-I4.46N-Barr2	-56.685	1.927	-85.97755195	-0.9266952365
156	I156N	BRC-I4.46N-Gi	-53.842	-0.551	-94.24470506	-0.9266952365
123	L123G	BRC-L3.41G-Barr2	0.44	-0.076	0.6673744881	-0.4624407963
123	L123G	BRC-L3.41G-Gi	22.59	0.121	39.54139681	-0.4624407963
123	L123H	BRC-L3.41H-Gi	5.43	-0.057	9.504638544	-0.2885768992
379	L379M	BRC-L6.41M-Barr2	23.3	-0.235	35.34051266	-0.0974466723
379	L379M	BRC-L6.41M-Gi	25.95	-0.193	45.42272011	-0.0974466723
"205; 385"	T205M.C385L	BRC-T5.54M-C6.47L-Barr2	-61.184	0.313	-92.80145609	-0.6353379331
"205; 385"	T205M.C385L	BRC-T5.54M-C6.47L-Gi	-10.45	0.022	-18.29161561	-0.6353379331
161	V161F	BRC-V4.51F-Gi	10.53	0.226	18.43164712	-0.1017260035
		BRC-WT-Barr2	0	0	0	0
		BRC-WT-Gi	0	0	0	0
385	C385L	DA-C6.47L-Gi	9.49	-0.904	9.49	-0.6646299904
382	F382I	DA-F6.44I-Gi	-5.09	-0.966	-5.09	-1.410062038
382	F382M	DA-F6.44M-Barr2	-54.91	-0.973	-54.91	-1.391624706
382	F382M	DA-F6.44M-Gi	-8.15	-0.852	-8.15	-1.391624706
156	I156N	DA-I4.46N-Barr2	-84.48	-0.487	-84.48	-0.9266952365
156	I156N	DA-I4.46N-Gi	-18.82	0.532	-18.82	-0.9266952365
123	L123G	DA-L3.41G-Barr2	-29.32	0.069	-29.32	-0.4624407963
123	L123G	DA-L3.41G-Gi	4.49	0.285	4.49	-0.4624407963
123	L123H	DA-L3.41H-Barr2	-53.99	-1.259	-53.99	-0.2885768992
123	L123H	DA-L3.41H-Gi	9.59	-1.281	9.59	-0.2885768992
379	L379M	DA-L6.41M-Barr2	-9.21	-0.154	-9.21	-0.0974466723
379	L379M	DA-L6.41M-Gi	6.69	-0.394	6.69	-0.0974466723
"205; 385"	T205M.C385L	DA-T5.54M-C6.47L-Barr2	-90.432	-1.924	-90.432	-0.6353379331
"205; 385"	T205M.C385L	DA-T5.54M-C6.47L-Gi	-13.26	-1.661	-13.26	-0.6353379331
161	V161F	DA-V4.51F-Gi	-3.54	0.132	-3.54	-0.1017260035
		DA-WT-Barr2	0	0	0	0
		DA-WT-Gi	0	0	0	0